brand,Type,color,year,price
Kia,Optima,Fuscia,2006,"$24,821.04 "
Mercedes-Benz,CLS-Class,Yellow,2008,"$29,348.08 "
Chevrolet,Suburban 1500,Goldenrod,1992,"$33,360.64 "
Buick,Century,Maroon,1988,"$40,779.78 "
Dodge,Ram 3500,Fuscia,2009,"$39,538.82 "
Subaru,Impreza,Yellow,2012,"$22,045.96 "
Ford,Freestar,Blue,2005,"$33,764.39 "
Chevrolet,Corvette,Indigo,1994,"$41,943.16 "
Ford,Ranger,Indigo,1989,"$43,447.35 "
Isuzu,i-Series,Turquoise,2008,"$29,642.24 "
Dodge,Dynasty,Mauv,1992,"$34,304.62 "
GMC,3500 Club Coupe,Turquoise,1995,"$48,901.73 "
Saab,3-Sep,Khaki,2006,"$46,035.95 "
Lotus,Exige,Green,2007,"$31,957.42 "
Dodge,Ram,Orange,2003,"$48,383.14 "
Saab,900,Turquoise,1989,"$22,343.92 "
Ford,Ranger,Turquoise,1990,"$20,961.45 "
Mitsubishi,L300,Blue,1989,"$21,207.38 "
Audi,S4,Red,2002,"$35,527.62 "
Porsche,944,Teal,1987,"$29,288.60 "
Volkswagen,GTI,Turquoise,1988,"$23,805.60 "
BMW,5 Series,Mauv,2009,"$34,589.08 "
Isuzu,Rodeo,Red,2000,"$33,364.14 "
Hummer,H2,Purple,2008,"$42,499.12 "
Honda,Civic GX,Teal,2003,"$40,113.12 "
Ford,F-Series,Maroon,1996,"$34,423.40 "
Oldsmobile,Achieva,Khaki,1997,"$34,037.85 "
Mazda,CX-9,Maroon,2011,"$43,865.86 "
Oldsmobile,Cutlass,Purple,1997,"$24,297.59 "
Hyundai,Santa Fe,Turquoise,2003,"$28,617.80 "
Ford,Transit Connect,Mauv,2010,"$28,265.90 "
Buick,Rainier,Puce,2007,"$48,511.32 "
Subaru,Outback,Turquoise,2001,"$28,125.93 "
Nissan,Pathfinder,Orange,1993,"$41,832.90 "
Volkswagen,rio,Maroon,2001,"$48,030.39 "
Acura,NSX,Blue,1996,"$26,360.78 "
Kia,Optima,Maroon,2011,"$48,509.34 "
Honda,Accord,Yellow,2008,"$37,568.26 "
Dodge,Nitro,Orange,2007,"$40,940.55 "
Mercury,Grand Marquis,Khaki,2004,"$32,481.48 "
Cadillac,Seville,Purple,1997,"$36,974.73 "
GMC,Sierra 2500,Indigo,2009,"$26,567.69 "
Lincoln,Town Car,Orange,1985,"$29,840.17 "
Mazda,MX-5,Mauv,2012,"$27,934.18 "
Dodge,Challenger,Violet,2009,"$33,053.83 "
Toyota,Camry,Fuscia,1995,"$34,100.55 "
Jaguar,XJ Series,Turquoise,1994,"$41,825.28 "
Dodge,Viper,Maroon,1997,"$48,575.70 "
Bentley,Continental GTC,Khaki,2011,"$45,231.51 "
Chevrolet,Express 3500,Teal,1999,"$39,702.69 "
GMC,Sonoma Club Coupe,Red,1993,"$36,206.04 "
Buick,Regal,Blue,1989,"$20,213.93 "
Dodge,Durango,Pink,2007,"$46,221.60 "
Mercedes-Benz,400E,Maroon,1992,"$36,183.95 "
Mitsubishi,Montero Sport,Puce,1999,"$45,987.53 "
Infiniti,QX56,Purple,2008,"$35,854.36 "
Lincoln,Town Car,Violet,1998,"$45,745.83 "
GMC,Savana 3500,Blue,2003,"$32,028.30 "
Honda,Odyssey,Mauv,1999,"$39,066.00 "
Nissan,Xterra,Aquamarine,2010,"$28,911.84 "
Land Rover,Range Rover,Blue,2005,"$33,592.62 "
Chevrolet,APV,Khaki,1993,"$43,212.63 "
Ford,Probe,Teal,1990,"$44,842.27 "
Kia,Sedona,Teal,2009,"$31,093.30 "
Ford,Fusion,Turquoise,2011,"$20,502.52 "
Pontiac,Grand Am,Puce,1993,"$46,941.63 "
Saab,900,Pink,1998,"$24,540.64 "
Nissan,300ZX,Green,1993,"$24,427.96 "
Saturn,S-Series,Maroon,1999,"$33,546.50 "
Ford,E-Series,Red,1990,"$21,967.67 "
Infiniti,G,Aquamarine,2011,"$47,404.63 "
Volvo,240,Pink,1992,"$45,524.13 "
Lincoln,Continental Mark VII,Red,1987,"$21,284.60 "
Ford,F350,Crimson,2006,"$44,382.96 "
Nissan,240SX,Teal,1998,"$33,977.84 "
Chevrolet,TrailBlazer,Yellow,2002,"$34,937.21 "
Chevrolet,Malibu,Red,2011,"$27,037.74 "
Ford,Probe,Fuscia,1991,"$44,694.08 "
BMW,3 Series,Goldenrod,2000,"$41,113.59 "
Chevrolet,Cavalier,Turquoise,1993,"$20,981.19 "
Ford,Econoline E150,Goldenrod,1999,"$31,099.13 "
Suzuki,Daewoo Lacetti,Crimson,2006,"$23,841.99 "
Jeep,Grand Cherokee,Indigo,2010,"$29,030.04 "
Jaguar,XF,Goldenrod,2011,"$26,909.29 "
Dodge,Caliber,Yellow,2011,"$30,717.69 "
Ford,Escort,Pink,1998,"$27,063.73 "
Ford,LTD Crown Victoria,Violet,1990,"$28,201.11 "
GMC,Envoy,Khaki,2000,"$32,206.13 "
Lexus,GS,Pink,1995,"$44,979.83 "
Acura,MDX,Orange,2012,"$23,046.64 "
Honda,Prelude,Pink,1993,"$37,527.73 "
Honda,CR-V,Fuscia,2003,"$33,741.47 "
Volvo,V40,Indigo,2003,"$35,277.85 "
Studebaker,Avanti,Fuscia,1962,"$27,275.88 "
Dodge,Ram Wagon B150,Yellow,1994,"$23,816.01 "
Subaru,Justy,Fuscia,1989,"$42,646.98 "
Buick,Park Avenue,Yellow,1998,"$30,404.39 "
Buick,Park Avenue,Teal,2002,"$20,135.11 "
Buick,Hearse,Orange,1996,"$29,231.79 "
Chevrolet,Sportvan G10,Red,1992,"$34,858.60 "
Mitsubishi,Chariot,Aquamarine,1985,"$25,285.22 "
Saab,9-7X,Blue,2009,"$30,194.59 "
Audi,Quattro,Turquoise,1994,"$30,383.21 "
Ford,Expedition,Fuscia,2003,"$49,418.77 "
Toyota,Tacoma Xtra,Red,2002,"$37,050.12 "
Isuzu,i-290,Maroon,2007,"$40,398.79 "
Lotus,Elise,Purple,2011,"$29,039.49 "
Mercedes-Benz,SLK-Class,Aquamarine,2004,"$42,654.14 "
Suzuki,Swift,Indigo,2000,"$37,002.08 "
Oldsmobile,Ciera,Turquoise,1995,"$34,210.45 "
Chevrolet,G-Series 3500,Orange,1997,"$35,400.88 "
Chevrolet,Silverado,Orange,2010,"$27,796.62 "
Subaru,Loyale,Yellow,1990,"$25,110.87 "
Chrysler,Sebring,Mauv,1996,"$41,475.25 "
Oldsmobile,Cutlass Cruiser,Goldenrod,1994,"$48,433.61 "
Volkswagen,New Beetle,Puce,2000,"$20,293.87 "
Honda,Fit,Puce,2008,"$47,322.93 "
Chevrolet,Tahoe,Khaki,2006,"$47,062.49 "
Ford,Bronco II,Maroon,1986,"$20,452.17 "
Scion,tC,Maroon,2013,"$41,923.69 "
Dodge,Caliber,Goldenrod,2011,"$45,973.37 "
Jaguar,XJ,Turquoise,2009,"$30,957.57 "
Audi,A8,Pink,2005,"$42,919.66 "
Mitsubishi,Eclipse,Pink,1991,"$32,091.26 "
Chevrolet,TrailBlazer,Puce,2004,"$48,901.88 "
Pontiac,LeMans,Indigo,1968,"$44,430.65 "
Audi,5000S,Violet,1985,"$29,849.80 "
Ford,Taurus,Mauv,2005,"$20,144.08 "
Porsche,Boxster,Violet,2002,"$22,892.28 "
Ford,Windstar,Blue,2004,"$46,343.95 "
Toyota,Highlander,Red,2002,"$24,822.19 "
Buick,LeSabre,Fuscia,1997,"$22,791.49 "
Ford,Bronco II,Fuscia,1986,"$34,177.46 "
Volvo,XC90,Maroon,2004,"$34,363.95 "
Suzuki,Cultus,Orange,1985,"$48,472.65 "
Volkswagen,Touareg,Yellow,2007,"$22,534.54 "
Land Rover,Discovery,Indigo,2002,"$48,420.81 "
Chevrolet,Corvette,Maroon,2010,"$25,890.46 "
Nissan,Altima,Purple,2002,"$49,259.02 "
Mitsubishi,Challenger,Yellow,1997,"$36,430.23 "
Ford,Crown Victoria,Orange,2011,"$47,236.93 "
Toyota,Previa,Red,1995,"$28,817.97 "
Subaru,Justy,Puce,1993,"$37,059.18 "
Chevrolet,Colorado,Teal,2010,"$20,176.04 "
Scion,xB,Mauv,2005,"$47,297.40 "
Chevrolet,Equinox,Maroon,2010,"$49,687.47 "
Mitsubishi,GTO,Red,1999,"$20,664.83 "
BMW,Z4,Goldenrod,2005,"$33,682.02 "
Buick,Rendezvous,Fuscia,2007,"$26,220.14 "
Mercedes-Benz,C-Class,Aquamarine,2004,"$33,927.70 "
Ford,Escape,Maroon,2001,"$34,584.06 "
Cadillac,Escalade EXT,Teal,2005,"$27,090.14 "
BMW,5 Series,Orange,2003,"$25,103.90 "
Lexus,RX,Puce,2001,"$26,581.67 "
Toyota,Celica,Teal,2005,"$39,626.23 "
Ford,Thunderbird,Blue,1997,"$23,730.09 "
Jeep,Wrangler,Pink,1992,"$28,969.20 "
Cadillac,XLR,Goldenrod,2006,"$25,543.32 "
Volvo,C70,Khaki,2011,"$34,485.90 "
Porsche,Boxster,Orange,2000,"$23,302.45 "
Nissan,Sentra,Mauv,1991,"$21,690.24 "
Isuzu,Hombre,Fuscia,1999,"$29,712.88 "
Bentley,Continental,Pink,2012,"$43,748.08 "
Mitsubishi,Eclipse,Aquamarine,2010,"$20,767.23 "
Pontiac,Safari,Goldenrod,1987,"$49,907.78 "
Buick,LeSabre,Mauv,1988,"$45,387.45 "
Mercedes-Benz,C-Class,Yellow,2008,"$37,879.09 "
Jeep,Cherokee,Purple,1992,"$36,800.66 "
Audi,Q7,Crimson,2012,"$28,527.40 "
Honda,Accord,Purple,2009,"$48,693.48 "
Dodge,Grand Caravan,Turquoise,2000,"$46,005.39 "
Suzuki,Verona,Turquoise,2005,"$40,400.19 "
Chevrolet,Express,Purple,2006,"$25,548.11 "
Dodge,Viper,Yellow,1998,"$35,963.50 "
Nissan,Quest,Fuscia,2011,"$48,214.61 "
Mercury,Lynx,Purple,1987,"$32,595.68 "
Lexus,CT,Blue,2011,"$41,818.60 "
Oldsmobile,Alero,Teal,2002,"$34,002.17 "
Mitsubishi,Starion,Pink,1985,"$34,208.36 "
GMC,Savana 3500,Blue,2006,"$31,328.32 "
Mitsubishi,Pajero,Crimson,2002,"$38,295.73 "
Aston Martin,V12 Vantage,Mauv,2011,"$47,426.70 "
BMW,1 Series,Puce,2012,"$22,964.44 "
Eagle,Talon,Teal,1993,"$35,969.77 "
Buick,LeSabre,Purple,1985,"$36,084.14 "
Subaru,Outback Sport,Pink,2002,"$37,684.85 "
Chevrolet,TrailBlazer,Orange,2007,"$42,572.32 "
Subaru,BRZ,Mauv,2013,"$26,022.29 "
Aston Martin,V8 Vantage S,Purple,2011,"$29,255.03 "
Aston Martin,Vantage,Red,2011,"$36,180.23 "
Dodge,Caravan,Crimson,1997,"$36,062.05 "
BMW,6 Series,Pink,2005,"$31,874.25 "
Chevrolet,Silverado,Yellow,2002,"$47,851.53 "
BMW,X3,Purple,2004,"$49,696.92 "
Kia,Sorento,Mauv,2009,"$47,738.62 "
Mitsubishi,i-MiEV,Teal,2012,"$48,595.67 "
Volvo,XC90,Blue,2005,"$27,945.03 "
Toyota,Yaris,Purple,2006,"$34,465.37 "
Dodge,Viper,Turquoise,2003,"$22,352.51 "
Audi,Coupe GT,Purple,1986,"$48,965.37 "
Ford,Mustang,Blue,1968,"$44,888.06 "
Nissan,GT-R,Crimson,2009,"$45,141.68 "
Pontiac,GTO,Goldenrod,2004,"$44,485.69 "
Nissan,Altima,Pink,1998,"$39,570.46 "
Ford,Bronco,Green,1993,"$20,161.26 "
Subaru,Forester,Blue,1999,"$28,496.81 "
GMC,Sonoma,Crimson,1995,"$32,838.61 "
Ford,F350,Blue,2005,"$45,051.72 "
Toyota,Camry,Aquamarine,2008,"$40,346.91 "
Audi,R8,Mauv,2008,"$21,326.07 "
Toyota,Land Cruiser,Orange,2000,"$49,624.85 "
Dodge,Dakota Club,Fuscia,1995,"$49,401.66 "
Oldsmobile,Cutlass Supreme,Fuscia,1993,"$37,182.58 "
Geo,Tracker,Purple,1996,"$32,795.06 "
Audi,A8,Puce,2009,"$41,526.88 "
Cadillac,XLR,Green,2007,"$24,564.23 "
GMC,Savana 2500,Teal,2012,"$20,109.98 "
Infiniti,M,Purple,2007,"$41,751.72 "
Saturn,Aura,Pink,2007,"$26,918.69 "
Ford,Expedition EL,Yellow,2007,"$43,400.01 "
Subaru,Tribeca,Turquoise,2011,"$37,470.34 "
Mazda,929,Blue,1993,"$45,115.22 "
Lamborghini,Reventón,Blue,2008,"$28,682.60 "
GMC,Suburban 1500,Red,1993,"$49,849.33 "
Lexus,IS,Goldenrod,2007,"$42,611.77 "
Nissan,240SX,Teal,1997,"$28,507.41 "
Honda,Passport,Violet,2000,"$44,894.68 "
Porsche,911,Green,2004,"$22,571.09 "
Lexus,SC,Khaki,1997,"$47,459.11 "
Mercedes-Benz,SL-Class,Green,2011,"$35,490.32 "
Dodge,Ram 1500,Khaki,1996,"$29,096.58 "
Lincoln,LS,Goldenrod,2000,"$42,227.56 "
Dodge,Dakota,Turquoise,2008,"$26,871.51 "
Pontiac,Firebird,Orange,1988,"$33,652.99 "
Mitsubishi,Sigma,Fuscia,1989,"$21,150.44 "
Porsche,Cayman,Purple,2010,"$27,202.20 "
Mazda,Miata MX-5,Mauv,2004,"$37,574.44 "
Chevrolet,Metro,Green,1998,"$37,571.84 "
Toyota,RAV4,Aquamarine,2006,"$24,210.34 "
Ford,Laser,Puce,1989,"$49,838.00 "
Audi,90,Orange,1995,"$40,552.81 "
Mitsubishi,Lancer Evolution,Fuscia,2011,"$33,783.67 "
Chevrolet,Camaro,Indigo,1996,"$46,836.35 "
Honda,Civic,Mauv,2009,"$28,371.90 "
Volvo,XC70,Violet,2003,"$36,357.03 "
Mitsubishi,Diamante,Maroon,1993,"$43,202.23 "
BMW,8 Series,Purple,1997,"$20,789.72 "
Jaguar,XK,Violet,2008,"$36,509.43 "
Lotus,Evora,Goldenrod,2012,"$47,903.25 "
Chevrolet,Silverado 1500,Mauv,2006,"$22,757.39 "
Toyota,Camry Hybrid,Crimson,2010,"$46,692.67 "
Hyundai,Accent,Goldenrod,2013,"$34,665.46 "
Chrysler,Sebring,Teal,2009,"$49,705.20 "
Ford,Mustang,Crimson,1987,"$24,464.92 "
Volkswagen,Jetta,Mauv,1984,"$45,809.81 "
Nissan,Rogue,Indigo,2009,"$46,596.94 "
Dodge,Challenger,Aquamarine,2011,"$44,021.10 "
BMW,X5,Red,2006,"$36,370.60 "
Toyota,Supra,Mauv,1992,"$43,208.73 "
Suzuki,Forenza,Mauv,2006,"$24,394.63 "
Dodge,Neon,Violet,1998,"$34,202.24 "
Chrysler,300,Yellow,2008,"$39,494.52 "
Land Rover,Defender,Violet,1992,"$42,940.24 "
Plymouth,Roadrunner,Red,1969,"$32,999.99 "
Ford,Falcon,Turquoise,1966,"$39,337.78 "
Ford,Taurus,Indigo,2000,"$21,646.92 "
Volvo,XC60,Pink,2009,"$36,682.39 "
Maserati,Quattroporte,Pink,2010,"$39,305.10 "
Toyota,Corolla,Khaki,1994,"$30,112.61 "
Mitsubishi,Challenger,Khaki,1998,"$47,937.30 "
Jeep,Patriot,Purple,2010,"$26,679.38 "
Ford,Econoline E150,Puce,1994,"$31,828.88 "
Dodge,Aspen,Fuscia,1976,"$45,171.13 "
GMC,Acadia,Blue,2011,"$41,824.14 "
Oldsmobile,Silhouette,Green,2002,"$49,513.73 "
Isuzu,Amigo,Goldenrod,1993,"$34,944.55 "
Ford,Bronco,Violet,1985,"$35,475.32 "
Chevrolet,Silverado 1500,Turquoise,2000,"$25,369.52 "
Mercedes-Benz,CLS-Class,Mauv,2008,"$36,427.01 "
Toyota,Prius,Pink,2004,"$20,070.80 "
Buick,Rendezvous,Red,2005,"$27,801.26 "
Mercury,Sable,Turquoise,1992,"$31,075.75 "
Suzuki,Swift,Goldenrod,1996,"$21,673.10 "
Suzuki,Samurai,Crimson,1994,"$23,303.75 "
Acura,MDX,Red,2006,"$29,311.43 "
Mitsubishi,Galant,Purple,2000,"$47,691.58 "
Buick,Skylark,Red,1995,"$35,483.40 "
Chevrolet,Suburban 2500,Violet,2010,"$47,145.48 "
Mazda,Protege,Blue,1996,"$48,958.46 "
Saturn,S-Series,Khaki,2001,"$35,893.76 "
Subaru,Legacy,Maroon,1992,"$36,053.20 "
Mazda,Mazda6,Aquamarine,2003,"$45,900.49 "
Suzuki,Samurai,Purple,1995,"$32,248.28 "
Honda,Accord,Violet,2002,"$20,250.76 "
Porsche,Cayenne,Green,2008,"$38,697.35 "
Chrysler,Town & Country,Turquoise,1996,"$20,596.17 "
GMC,Sonoma,Orange,1997,"$22,560.90 "
Chevrolet,Camaro,Turquoise,1992,"$24,988.59 "
Mitsubishi,Montero Sport,Orange,2002,"$28,388.99 "
Volkswagen,Golf,Green,1998,"$20,950.21 "
Kia,Sportage,Khaki,1995,"$44,926.94 "
Mercedes-Benz,C-Class,Crimson,2005,"$25,566.40 "
Lincoln,Town Car,Yellow,1993,"$48,900.06 "
Mercedes-Benz,SL-Class,Purple,2011,"$47,562.57 "
Audi,TT,Turquoise,2003,"$30,932.26 "
Buick,Century,Crimson,1996,"$46,437.79 "
Morgan,Aero 8,Orange,2009,"$28,982.00 "
GMC,Yukon,Purple,1993,"$21,987.23 "
Chevrolet,1500,Red,1992,"$34,657.27 "
Mitsubishi,Eclipse,Khaki,2012,"$38,303.94 "
Ford,F250,Maroon,1993,"$22,355.54 "
Scion,xB,Orange,2005,"$46,782.47 "
Nissan,Sentra,Goldenrod,1993,"$32,528.12 "
Dodge,Neon,Red,2004,"$20,259.04 "
GMC,1500,Goldenrod,1993,"$43,219.46 "
Mercury,Villager,Maroon,1993,"$40,013.80 "
Saab,9000,Yellow,1988,"$46,356.59 "
Mitsubishi,Galant,Purple,2011,"$48,478.58 "
Toyota,4Runner,Mauv,1999,"$32,218.51 "
Volkswagen,Golf,Khaki,2011,"$43,085.61 "
Infiniti,G,Teal,1992,"$23,757.78 "
Buick,Electra,Khaki,1984,"$32,300.71 "
Toyota,T100,Yellow,1997,"$22,872.43 "
Ford,Expedition,Violet,2002,"$26,037.57 "
Porsche,928,Puce,1989,"$33,255.21 "
Ford,Ranger,Violet,1994,"$30,832.87 "
Lamborghini,Murciélago,Puce,2005,"$29,215.77 "
Lamborghini,Diablo,Maroon,1993,"$35,141.71 "
Ford,E-Series,Turquoise,1985,"$33,412.99 "
Ford,Laser,Puce,1989,"$27,488.06 "
Chevrolet,Impala,Teal,2005,"$36,738.89 "
Audi,5000S,Khaki,1987,"$20,105.89 "
Cadillac,Seville,Yellow,1994,"$24,939.73 "
Hyundai,Azera,Purple,2008,"$37,977.20 "
Pontiac,Bonneville,Turquoise,1968,"$40,298.14 "
Toyota,Avalon,Violet,2010,"$31,128.92 "
Ford,Aerostar,Pink,1993,"$42,979.76 "
Ford,F-Series,Green,1985,"$31,224.97 "
Mitsubishi,Outlander,Turquoise,2009,"$45,730.26 "
Infiniti,QX,Turquoise,2005,"$27,380.58 "
Isuzu,Ascender,Red,2008,"$28,505.65 "
MINI,Cooper,Aquamarine,2007,"$22,909.23 "
GMC,Vandura 2500,Puce,1993,"$34,722.87 "
Porsche,Cayman,Red,2006,"$42,529.30 "
Ford,Tempo,Aquamarine,1993,"$27,118.83 "
Cadillac,Eldorado,Purple,1999,"$48,260.79 "
Cadillac,Fleetwood,Teal,1992,"$35,056.13 "
BMW,6 Series,Puce,2007,"$42,296.80 "
Chevrolet,Avalanche 2500,Yellow,2004,"$48,170.66 "
Lamborghini,Murciélago,Orange,2005,"$30,324.81 "
Honda,Civic,Indigo,1993,"$27,985.11 "
Suzuki,Grand Vitara,Crimson,2004,"$24,765.40 "
Audi,A6,Turquoise,1999,"$24,565.82 "
Mitsubishi,Cordia,Mauv,1984,"$35,698.63 "
Mercury,Mountaineer,Crimson,2002,"$36,898.24 "
Saab,9000,Red,1991,"$36,851.99 "
Porsche,968,Red,1992,"$32,701.26 "
Ford,Escort,Goldenrod,1984,"$48,429.56 "
Mazda,Protege,Khaki,1993,"$32,812.63 "
Mercury,Capri,Fuscia,1985,"$36,445.07 "
Ford,Bronco II,Mauv,1989,"$23,344.96 "
Toyota,Solara,Mauv,2008,"$44,704.62 "
BMW,X5,Yellow,2013,"$47,271.80 "
Nissan,Armada,Teal,2007,"$31,021.93 "
Chevrolet,Traverse,Turquoise,2011,"$32,712.87 "
Chevrolet,S10,Aquamarine,1992,"$23,924.88 "
Mitsubishi,Lancer,Teal,2008,"$21,387.24 "
Saab,900,Indigo,1994,"$35,604.30 "
Chevrolet,Blazer,Maroon,1998,"$45,335.57 "
Ford,LTD Crown Victoria,Goldenrod,1988,"$25,272.88 "
Chevrolet,Avalanche 2500,Red,2002,"$26,756.13 "
Chevrolet,Corvette,Khaki,2004,"$31,606.40 "
Chevrolet,Suburban,Mauv,2011,"$34,074.65 "
Mazda,B-Series Plus,Maroon,1995,"$38,473.95 "
Dodge,Ram 2500,Violet,2006,"$25,831.44 "
Volvo,S80,Green,2004,"$49,281.77 "
Nissan,Sentra,Mauv,2008,"$27,635.87 "
Audi,S8,Purple,2008,"$44,221.11 "
Chrysler,Concorde,Red,1994,"$22,705.34 "
Cadillac,DeVille,Orange,1993,"$48,199.31 "
Geo,Metro,Violet,1994,"$24,257.96 "
Honda,Pilot,Turquoise,2004,"$23,764.02 "
GMC,1500,Fuscia,1995,"$29,866.48 "
Ford,Mustang,Green,1999,"$49,970.24 "
Dodge,Durango,Goldenrod,2006,"$44,259.98 "
Oldsmobile,Custom Cruiser,Fuscia,1992,"$30,769.00 "
Lincoln,Continental,Orange,2000,"$48,077.48 "
Jaguar,S-Type,Aquamarine,2003,"$42,534.48 "
Aston Martin,DB9,Aquamarine,2005,"$36,029.50 "
GMC,Savana 1500,Red,2003,"$34,443.56 "
Lincoln,MKT,Violet,2012,"$26,048.50 "
Infiniti,G37,Violet,2008,"$42,664.28 "
Mazda,Mazdaspeed 3,Mauv,2010,"$47,175.93 "
Mitsubishi,Lancer,Khaki,2003,"$47,814.60 "
Eagle,Premier,Pink,1992,"$38,862.21 "
Subaru,Tribeca,Mauv,2009,"$35,937.54 "
Audi,A8,Fuscia,2009,"$49,770.81 "
Toyota,Celica,Maroon,1983,"$36,032.82 "
Ford,F350,Khaki,1996,"$28,691.53 "
Mazda,Mazda3,Fuscia,2011,"$43,795.40 "
BMW,8 Series,Blue,1993,"$33,689.80 "
Saab,3-Sep,Violet,2000,"$41,663.32 "
Ford,F250,Puce,2009,"$49,592.27 "
Volvo,S40,Red,2009,"$49,381.33 "
Pontiac,Grand Am,Purple,2002,"$48,008.59 "
Infiniti,M,Mauv,2004,"$44,837.16 "
Audi,S6,Khaki,2007,"$48,844.12 "
Eagle,Summit,Aquamarine,1993,"$39,009.92 "
Mazda,Familia,Puce,1987,"$45,842.19 "
Chevrolet,3500,Mauv,1994,"$29,078.63 "
Chevrolet,Lumina,Green,1998,"$46,346.21 "
Toyota,RAV4,Teal,2003,"$26,099.82 "
Nissan,Sentra,Crimson,1996,"$26,539.11 "
Pontiac,LeMans,Pink,1967,"$38,097.34 "
Plymouth,Breeze,Teal,1997,"$37,480.68 "
Eagle,Vision,Khaki,1995,"$34,539.94 "
Chevrolet,Malibu,Blue,1999,"$26,528.84 "
Suzuki,XL7,Aquamarine,2009,"$21,601.37 "
Isuzu,Impulse,Maroon,1992,"$27,666.16 "
Audi,5000S,Puce,1987,"$41,733.42 "
Ford,Windstar,Purple,2003,"$38,158.12 "
Hyundai,Elantra,Green,2001,"$24,491.02 "
Chevrolet,Prizm,Violet,2001,"$30,983.76 "
Lincoln,Navigator L,Yellow,2008,"$34,168.19 "
Mitsubishi,Galant,Khaki,2011,"$42,625.86 "
Toyota,Tacoma Xtra,Maroon,2000,"$43,262.24 "
Acura,Vigor,Aquamarine,1994,"$44,102.95 "
GMC,2500,Indigo,1994,"$48,568.84 "
Mitsubishi,GTO,Violet,1997,"$42,165.25 "
Dodge,Caravan,Purple,2012,"$27,013.75 "
BMW,3 Series,Blue,1997,"$43,906.76 "
Mitsubishi,Lancer Evolution,Violet,2006,"$44,297.63 "
Bentley,Arnage,Fuscia,2006,"$41,632.51 "
Dodge,Ram Van 2500,Red,1997,"$22,386.77 "
Volkswagen,Type 2,Maroon,1990,"$20,793.03 "
GMC,Savana 3500,Mauv,1997,"$49,114.17 "
Pontiac,Grand Am,Crimson,1996,"$40,803.19 "
Volvo,V70,Blue,2003,"$47,061.43 "
Geo,Tracker,Mauv,1997,"$25,918.11 "
Cadillac,Escalade,Pink,1999,"$44,861.28 "
Isuzu,Rodeo Sport,Khaki,2003,"$43,136.08 "
Mazda,MPV,Violet,1997,"$29,536.71 "
Buick,Park Avenue,Aquamarine,1998,"$38,011.80 "
Lamborghini,Murciélago,Puce,2004,"$46,711.81 "
GMC,Envoy,Blue,1999,"$29,095.86 "
Mazda,MX-5,Puce,2003,"$39,156.45 "
Lotus,Elise,Fuscia,2010,"$37,778.74 "
BMW,3 Series,Green,2009,"$27,757.35 "
Ferrari,599 GTB Fiorano,Mauv,2007,"$20,242.76 "
Lotus,Esprit,Maroon,1991,"$30,410.88 "
Maserati,Karif,Goldenrod,1989,"$36,910.27 "
Ford,Escape,Maroon,2000,"$34,147.00 "
Honda,Prelude,Pink,1985,"$44,046.12 "
Volvo,XC70,Maroon,2005,"$23,757.69 "
Rolls-Royce,Ghost,Aquamarine,2011,"$28,354.77 "
Chevrolet,Avalanche 1500,Mauv,2002,"$37,935.08 "
Land Rover,Defender,Red,1994,"$44,024.78 "
Dodge,Ram,Purple,2008,"$26,090.17 "
Plymouth,Laser,Turquoise,1989,"$49,960.14 "
Kia,Sportage,Purple,2010,"$25,675.92 "
Chevrolet,Corvette,Khaki,2011,"$40,272.50 "
Mitsubishi,Chariot,Teal,1990,"$39,916.24 "
Honda,Insight,Turquoise,2004,"$21,474.50 "
BMW,M5,Violet,2003,"$35,184.39 "
Mercedes-Benz,E-Class,Blue,1996,"$32,893.45 "
Acura,TSX,Crimson,2010,"$32,927.35 "
Pontiac,Torrent,Maroon,2006,"$48,443.80 "
Mercury,Topaz,Pink,1991,"$48,794.52 "
Volvo,C70,Teal,2004,"$23,941.32 "
Honda,Odyssey,Fuscia,2000,"$30,652.05 "
Mazda,Protege,Goldenrod,1995,"$29,821.62 "
Mitsubishi,Outlander,Teal,2010,"$26,402.74 "
Chevrolet,Suburban,Turquoise,2009,"$45,203.89 "
Audi,A8,Turquoise,2000,"$26,617.38 "
Mercedes-Benz,600SEC,Maroon,1993,"$43,833.46 "
Audi,A8,Indigo,2010,"$22,124.63 "
Lotus,Elan,Red,1992,"$40,271.83 "
Lincoln,LS,Turquoise,2004,"$41,951.91 "
Mercury,Milan,Indigo,2006,"$23,675.27 "
Audi,A6,Blue,2012,"$20,650.11 "
Nissan,Leaf,Orange,2011,"$48,359.37 "
Ferrari,California,Green,2009,"$20,626.29 "
Audi,A4,Teal,1998,"$25,311.34 "
Hyundai,Tucson,Purple,2005,"$31,362.27 "
Audi,TT,Crimson,2009,"$39,597.88 "
Acura,TSX,Maroon,2010,"$25,727.26 "
Scion,iQ,Purple,2012,"$20,264.57 "
Dodge,Challenger,Crimson,2009,"$22,807.86 "
Maybach,Landaulet,Fuscia,2011,"$21,128.33 "
Ford,Mustang,Mauv,2002,"$24,486.72 "
Chrysler,LeBaron,Yellow,1995,"$48,558.97 "
Isuzu,Trooper,Blue,1992,"$26,847.24 "
Ford,Flex,Mauv,2010,"$45,911.17 "
GMC,Sierra,Red,2007,"$34,383.03 "
Toyota,Camry,Puce,2007,"$39,790.36 "
Volvo,S40,Turquoise,2000,"$29,670.08 "
Honda,Civic,Puce,1992,"$38,280.45 "
Pontiac,Gemini,Indigo,1986,"$29,663.39 "
Porsche,911,Aquamarine,1994,"$20,828.70 "
Hyundai,Equus,Orange,2011,"$33,668.21 "
Buick,Skylark,Goldenrod,1990,"$46,049.60 "
Suzuki,XL-7,Indigo,2006,"$24,606.41 "
GMC,Canyon,Khaki,2009,"$41,051.24 "
Porsche,914,Turquoise,1970,"$24,786.10 "
Mazda,B-Series,Aquamarine,1989,"$47,399.10 "
Daewoo,Lanos,Indigo,2001,"$22,715.06 "
Nissan,Frontier,Orange,2004,"$46,254.67 "
GMC,Canyon,Puce,2009,"$44,841.42 "
Chevrolet,G-Series G30,Goldenrod,1994,"$27,843.38 "
Porsche,Boxster,Blue,2012,"$39,073.49 "
Mercedes-Benz,W201,Mauv,1986,"$39,950.77 "
Lexus,LS,Yellow,2004,"$33,249.50 "
Pontiac,Trans Sport,Aquamarine,1996,"$23,391.06 "
GMC,Jimmy,Purple,2000,"$41,702.14 "
Chevrolet,Corvette,Green,2000,"$38,098.30 "
Ford,F150,Indigo,1999,"$20,521.49 "
Chrysler,300M,Green,2000,"$37,451.28 "
Lexus,RX,Orange,2004,"$27,755.96 "
Lexus,GS,Puce,1999,"$39,318.57 "
Mitsubishi,Mirage,Aquamarine,1988,"$25,841.56 "
GMC,Suburban 1500,Mauv,1999,"$28,368.49 "
Lexus,RX,Blue,2010,"$40,582.32 "
Chrysler,Concorde,Yellow,1998,"$22,600.79 "
GMC,Sierra 3500,Fuscia,2008,"$28,564.80 "
Isuzu,Amigo,Violet,1994,"$39,662.82 "
Dodge,Ram,Fuscia,2003,"$39,043.02 "
Pontiac,Grand Am,Goldenrod,1997,"$42,073.75 "
Saturn,S-Series,Goldenrod,1995,"$37,853.83 "
Aston Martin,Rapide,Mauv,2010,"$21,640.10 "
Mitsubishi,Eclipse,Green,2008,"$28,610.00 "
Audi,80,Turquoise,1992,"$39,781.54 "
Infiniti,Q,Yellow,1995,"$49,324.96 "
Cadillac,CTS,Puce,2008,"$34,913.09 "
Mitsubishi,Galant,Purple,1994,"$47,594.19 "
Lotus,Exige,Violet,2010,"$35,198.17 "
Toyota,Tundra,Goldenrod,2001,"$36,239.75 "
Audi,4000CS Quattro,Pink,1986,"$42,027.78 "
Mercedes-Benz,CL-Class,Mauv,2007,"$28,717.26 "
Cadillac,Fleetwood,Purple,1994,"$36,777.90 "
Daewoo,Nubira,Indigo,1999,"$39,981.32 "
Audi,Allroad,Teal,2004,"$27,939.52 "
Lincoln,MKZ,Aquamarine,2011,"$42,487.09 "
Kia,Rio,Yellow,2008,"$21,485.51 "
Chevrolet,Cruze,Pink,2011,"$33,923.45 "
Ford,LTD,Yellow,1986,"$31,792.25 "
Audi,5000CS,Crimson,1988,"$37,146.60 "
BMW,7 Series,Purple,2009,"$22,773.89 "
Kia,Sportage,Crimson,1998,"$29,933.12 "
Toyota,Supra,Green,1995,"$26,512.43 "
Chevrolet,Silverado 1500,Fuscia,2000,"$35,211.87 "
Mercedes-Benz,SL-Class,Khaki,2002,"$21,458.11 "
Aston Martin,V8 Vantage,Mauv,2009,"$29,740.85 "
GMC,Sierra 3500,Yellow,2006,"$48,346.20 "
Mitsubishi,Mirage,Puce,1991,"$48,851.87 "
Buick,Somerset,Maroon,1987,"$42,336.51 "
Ford,F-Series,Indigo,2003,"$20,372.53 "
Ford,Econoline E350,Orange,1992,"$41,574.25 "
Ram,1500,Fuscia,2011,"$38,779.18 "
Pontiac,Firebird,Green,1986,"$22,514.20 "
Dodge,Stratus,Fuscia,1996,"$43,137.45 "
Cadillac,Escalade EXT,Maroon,2004,"$37,350.86 "
Mercury,Cougar,Maroon,1969,"$32,764.65 "
Chevrolet,Sportvan G30,Blue,1994,"$32,152.96 "
Suzuki,Reno,Pink,2006,"$37,388.59 "
Chevrolet,G-Series G30,Puce,1996,"$23,161.69 "
GMC,Savana 1500,Mauv,2005,"$41,635.12 "
Volkswagen,Type 2,Yellow,1989,"$48,238.62 "
Land Rover,Defender 110,Puce,1993,"$42,348.65 "
Nissan,Frontier,Mauv,2006,"$26,088.36 "
Ford,Aerostar,Aquamarine,1988,"$22,465.95 "
Audi,riolet,Green,1997,"$33,211.04 "
Eagle,Talon,Khaki,1990,"$38,801.91 "
Ford,F250,Turquoise,1996,"$22,473.04 "
Ford,Flex,Orange,2012,"$35,875.43 "
Mitsubishi,Montero Sport,Crimson,2000,"$30,197.78 "
Lamborghini,Gallardo,Blue,2011,"$21,600.40 "
Toyota,MR2,Aquamarine,2002,"$49,384.61 "
BMW,1 Series,Aquamarine,2011,"$46,333.26 "
Pontiac,Grand Prix,Aquamarine,1987,"$23,033.21 "
Scion,xA,Fuscia,2005,"$36,057.48 "
Lotus,Elise,Red,2004,"$37,596.26 "
BMW,325,Aquamarine,2005,"$23,484.88 "
Maybach,62,Goldenrod,2010,"$40,870.56 "
GMC,Yukon,Green,1995,"$36,971.27 "
Ford,Excursion,Indigo,2004,"$42,960.48 "
Bentley,Continental,Blue,2008,"$48,087.92 "
Audi,A6,Blue,2009,"$26,088.04 "
Pontiac,G5,Violet,2008,"$33,688.31 "
Mercedes-Benz,GL-Class,Violet,2007,"$36,326.07 "
Kia,Sedona,Crimson,2004,"$36,544.90 "
Saturn,S-Series,Maroon,1996,"$25,332.48 "
Lexus,LS,Fuscia,1997,"$42,376.91 "
Mercedes-Benz,SL-Class,Orange,1995,"$42,542.87 "
Nissan,Maxima,Khaki,2011,"$31,799.88 "
Nissan,Maxima,Blue,2007,"$35,993.83 "
Oldsmobile,Bravada,Maroon,1994,"$24,263.88 "
Ford,Mustang,Red,2012,"$43,669.97 "
Mercedes-Benz,G-Class,Purple,2012,"$32,525.57 "
Chevrolet,Corvette,Turquoise,2001,"$27,784.51 "
GMC,Safari,Fuscia,1994,"$47,060.01 "
Buick,LeSabre,Crimson,1994,"$38,540.25 "
Subaru,Forester,Red,2010,"$37,289.36 "
Nissan,300ZX,Blue,1995,"$46,354.30 "
Dodge,Viper,Crimson,1994,"$39,045.97 "
Buick,Park Avenue,Turquoise,2001,"$29,131.19 "
Toyota,Celica,Orange,2005,"$46,930.06 "
Porsche,911,Indigo,2011,"$42,901.25 "
Ford,Bronco,Fuscia,1989,"$34,696.02 "
Chevrolet,Blazer,Goldenrod,1996,"$38,769.27 "
Chevrolet,Camaro,Teal,1975,"$30,003.88 "
Volkswagen,rio,Violet,1999,"$34,369.75 "
Lincoln,Navigator L,Purple,2009,"$23,628.46 "
Honda,CR-Z,Khaki,2012,"$44,283.73 "
Tesla,Roadster,Maroon,2011,"$43,066.08 "
Pontiac,LeMans,Violet,1991,"$28,253.51 "
Mazda,B-Series,Mauv,2002,"$42,343.07 "
Toyota,Corolla,Green,2004,"$49,975.47 "
Volvo,940,Red,1992,"$46,689.70 "
Chevrolet,Sportvan G20,Orange,1993,"$41,860.34 "
Lotus,Exige,Green,2011,"$49,446.03 "
Fillmore,Fillmore,Orange,1960,"$48,949.31 "
Mazda,B-Series Plus,Orange,2002,"$38,064.66 "
Chevrolet,Silverado 1500,Aquamarine,2007,"$44,854.35 "
Mitsubishi,Cordia,Khaki,1987,"$20,153.79 "
Nissan,Rogue,Pink,2008,"$31,597.57 "
Mercedes-Benz,M-Class,Blue,1999,"$25,984.67 "
Jeep,Wrangler,Blue,2002,"$26,998.78 "
Honda,CR-V,Khaki,2008,"$25,907.22 "
Infiniti,EX,Teal,2009,"$41,918.37 "
BMW,Z3,Teal,1997,"$24,501.25 "
Toyota,Camry,Crimson,2011,"$28,590.11 "
Dodge,Durango,Mauv,2008,"$45,375.09 "
Nissan,300ZX,Pink,1991,"$23,865.15 "
Dodge,Grand Caravan,Pink,2011,"$20,336.21 "
Mercury,Milan,Teal,2006,"$33,896.55 "
Lexus,LX,Puce,2000,"$27,103.18 "
Ford,F-Series Super Duty,Mauv,2011,"$23,204.21 "
Nissan,Frontier,Green,2000,"$47,092.53 "
Acura,CL,Yellow,1997,"$41,068.80 "
GMC,Sierra 1500,Green,2011,"$27,988.94 "
Acura,RDX,Purple,2011,"$34,014.01 "
Audi,S8,Orange,2007,"$43,666.03 "
Suzuki,Reno,Teal,2005,"$44,353.46 "
Lamborghini,Countach,Orange,1990,"$27,803.88 "
Cadillac,STS,Indigo,2011,"$36,387.23 "
Ford,Escort,Khaki,1987,"$33,230.47 "
Ford,Fiesta,Green,2012,"$37,804.73 "
GMC,Sierra,Aquamarine,2008,"$42,369.54 "
Lincoln,LS,Khaki,2004,"$43,702.31 "
Toyota,Tundra,Mauv,2000,"$32,556.52 "
Pontiac,Firebird,Goldenrod,1991,"$38,957.49 "
Pontiac,G6,Khaki,2006,"$49,499.45 "
Nissan,Frontier,Puce,2009,"$37,593.50 "
Lamborghini,Countach,Puce,1990,"$25,698.23 "
Chevrolet,Tracker,Blue,2000,"$37,094.59 "
Mitsubishi,Pajero,Puce,2002,"$31,682.95 "
Hyundai,Accent,Mauv,2009,"$41,337.97 "
Ford,E250,Maroon,1984,"$20,345.13 "
Ford,Tempo,Goldenrod,1990,"$46,364.11 "
Audi,5000S,Puce,1984,"$39,410.95 "
Mercedes-Benz,CL-Class,Fuscia,2012,"$48,814.51 "
Ford,F250,Maroon,1995,"$46,630.24 "
Acura,TL,Pink,2003,"$23,458.89 "
Toyota,Matrix,Puce,2005,"$38,291.08 "
Land Rover,Discovery Series II,Maroon,2000,"$21,364.82 "
Volkswagen,Cabriolet,Fuscia,1998,"$44,066.36 "
GMC,Envoy,Yellow,2008,"$21,501.79 "
Chevrolet,Corvette,Khaki,1989,"$30,867.23 "
Chevrolet,2500,Mauv,2000,"$44,645.10 "
Scion,xA,Aquamarine,2005,"$44,868.80 "
Geo,Prizm,Green,1997,"$20,835.22 "
Mitsubishi,Galant,Purple,2012,"$36,399.86 "
Lincoln,Navigator,Mauv,2010,"$46,680.09 "
Mercedes-Benz,S-Class,Teal,2000,"$28,450.63 "
Nissan,Titan,Indigo,2012,"$49,918.58 "
BMW,M3,Maroon,2009,"$29,130.25 "
Nissan,JUKE,Yellow,2012,"$40,783.30 "
Chevrolet,Express 2500,Fuscia,2009,"$45,474.34 "
Mazda,MPV,Indigo,2003,"$37,403.70 "
Daewoo,Nubira,Blue,1999,"$29,827.65 "
Hummer,H2,Yellow,2008,"$30,925.68 "
BMW,M3,Teal,1998,"$47,784.48 "
Maserati,Biturbo,Yellow,1987,"$34,848.66 "
Dodge,Ram 1500 Club,Aquamarine,2000,"$29,056.89 "
Mercury,Mystique,Teal,1996,"$31,596.52 "
Pontiac,G5,Aquamarine,2007,"$36,081.62 "
Geo,Storm,Indigo,1992,"$45,475.34 "
Dodge,Ram 3500,Mauv,2000,"$47,657.66 "
Toyota,Supra,Violet,1996,"$38,141.84 "
Oldsmobile,Intrigue,Mauv,2002,"$48,923.72 "
Hyundai,Veracruz,Puce,2009,"$27,102.06 "
Chevrolet,Traverse,Goldenrod,2009,"$42,782.89 "
Toyota,Prius,Yellow,2002,"$35,814.24 "
Mazda,MX-3,Orange,1993,"$31,814.16 "
Cadillac,Fleetwood,Green,1954,"$30,558.35 "
Pontiac,Solstice,Yellow,2009,"$29,464.15 "
Subaru,Legacy,Green,2011,"$26,262.04 "
Nissan,Versa,Violet,2007,"$36,009.93 "
Cadillac,Escalade,Maroon,2010,"$32,384.18 "
BMW,325,Fuscia,2004,"$48,186.12 "
Volvo,S60,Puce,2011,"$27,265.24 "
Mercedes-Benz,C-Class,Violet,2003,"$46,490.39 "
Lincoln,Continental,Indigo,1988,"$20,791.48 "
Chrysler,Town & Country,Red,2010,"$42,908.22 "
Jaguar,XJ Series,Violet,2001,"$38,694.87 "
Chevrolet,Silverado 3500,Red,2012,"$32,935.48 "
Volkswagen,Type 2,Turquoise,1990,"$48,209.70 "
Volkswagen,Golf,Green,2004,"$45,341.35 "
Audi,V8,Puce,1990,"$21,191.54 "
Dodge,Charger,Green,2006,"$21,204.18 "
Audi,80,Yellow,1992,"$38,181.97 "
Ferrari,458 Italia,Puce,2012,"$25,705.88 "
Mazda,MX-3,Puce,1995,"$33,887.68 "
Nissan,Frontier,Indigo,2000,"$35,048.03 "
Toyota,Truck Xtracab SR5,Indigo,1989,"$28,845.33 "
Saturn,VUE,Orange,2004,"$25,315.55 "
Mercedes-Benz,E-Class,Mauv,2005,"$37,219.34 "
Chrysler,LeBaron,Mauv,1994,"$44,235.37 "
BMW,Z4,Maroon,2010,"$22,321.77 "
Nissan,Quest,Aquamarine,2011,"$39,262.99 "
Saturn,Outlook,Teal,2009,"$42,653.37 "
Audi,A6,Blue,2009,"$42,070.06 "
Chevrolet,Corvette,Maroon,1973,"$29,733.71 "
Mercedes-Benz,CL-Class,Violet,2006,"$33,699.93 "
Ford,Expedition,Indigo,2003,"$35,820.40 "
Toyota,Tundra,Red,2008,"$45,463.22 "
Lexus,ES,Purple,1998,"$26,303.51 "
Audi,S4,Indigo,2009,"$46,795.66 "
Audi,riolet,Turquoise,1995,"$31,991.63 "
Dodge,Ramcharger,Puce,1993,"$41,877.07 "
Oldsmobile,Ciera,Aquamarine,1995,"$28,621.59 "
GMC,Savana 2500,Goldenrod,1997,"$43,808.44 "
Toyota,Highlander,Maroon,2009,"$25,239.54 "
Volvo,XC70,Violet,2005,"$48,825.12 "
Nissan,Altima,Blue,1998,"$33,305.23 "
BMW,Z3,Pink,1998,"$24,527.70 "
Lexus,LX,Teal,2007,"$45,683.36 "
Plymouth,Voyager,Turquoise,1996,"$33,859.84 "
Porsche,911,Green,1997,"$29,866.73 "
Saturn,Ion,Mauv,2004,"$22,432.12 "
Ford,F350,Maroon,1993,"$44,276.42 "
Daewoo,Nubira,Mauv,2000,"$42,706.24 "
Ford,Mustang,Crimson,1990,"$38,070.24 "
Cadillac,CTS,Purple,2006,"$27,442.70 "
Oldsmobile,Achieva,Orange,1995,"$29,988.91 "
Toyota,Sienna,Turquoise,2007,"$22,448.50 "
Land Rover,Defender,Maroon,1997,"$49,956.64 "
Ford,Mustang,Fuscia,1980,"$40,501.08 "
Ford,Explorer Sport,Yellow,2000,"$31,343.59 "
GMC,Suburban 2500,Turquoise,1993,"$39,272.40 "
Volkswagen,GTI,Violet,1998,"$24,243.02 "
Volvo,S40,Mauv,2000,"$31,192.92 "
Land Rover,Discovery,Pink,2004,"$32,338.11 "
Ford,Explorer,Indigo,1999,"$40,339.45 "
Ferrari,F430,Turquoise,2006,"$25,118.06 "
Buick,Rendezvous,Mauv,2002,"$40,654.22 "
Audi,S8,Pink,2006,"$22,199.79 "
Buick,Rendezvous,Teal,2007,"$35,380.86 "
Porsche,944,Goldenrod,1991,"$31,937.15 "
Nissan,200SX,Indigo,1995,"$27,590.49 "
Ford,F-Series,Puce,1995,"$34,181.41 "
Audi,A4,Indigo,2001,"$34,941.16 "
Mercedes-Benz,G-Class,Pink,2006,"$33,052.34 "
GMC,Yukon,Purple,2003,"$42,926.55 "
Ford,Ranger,Green,2010,"$32,119.51 "
Toyota,Tercel,Violet,1998,"$43,517.61 "
Porsche,Cayenne,Khaki,2012,"$35,150.96 "
Saab,900,Violet,1995,"$49,831.49 "
BMW,Z3,Green,2000,"$39,231.65 "
Infiniti,G,Indigo,2001,"$20,798.95 "
Chrysler,Imperial,Teal,1993,"$30,027.90 "
Volvo,S60,Orange,2005,"$36,596.22 "
Audi,4000s,Indigo,1985,"$28,021.94 "
Saab,9-7X,Indigo,2005,"$36,330.62 "
Saab,9-7X,Indigo,2009,"$33,308.77 "
Ford,E-Series,Purple,2007,"$31,371.93 "
Chevrolet,S10 Blazer,Turquoise,1992,"$38,936.47 "
Ford,Thunderbird,Aquamarine,1994,"$22,785.53 "
Chrysler,LHS,Maroon,2000,"$41,664.83 "
Buick,Lucerne,Orange,2007,"$35,220.51 "
Mazda,Miata MX-5,Red,2012,"$31,784.89 "
BMW,X5,Turquoise,2003,"$23,952.34 "
Honda,Odyssey,Yellow,2008,"$37,212.21 "
BMW,1 Series,Khaki,2010,"$27,375.53 "
Pontiac,Solstice,Pink,2008,"$27,219.90 "
Pontiac,Grand Prix,Teal,1967,"$41,960.52 "
Ford,LTD Crown Victoria,Puce,1986,"$37,385.69 "
Mercury,Capri,Yellow,1984,"$35,850.85 "
Cadillac,Catera,Khaki,2000,"$38,049.08 "
Dodge,Dakota Club,Crimson,2000,"$20,166.09 "
Cadillac,SRX,Purple,2010,"$48,077.01 "
Lamborghini,Diablo,Khaki,2001,"$27,307.07 "
Acura,MDX,Yellow,2002,"$20,943.01 "
Dodge,Stratus,Puce,1997,"$45,330.13 "
Land Rover,Discovery,Blue,2001,"$21,272.93 "
Chevrolet,Silverado,Mauv,2007,"$40,160.13 "
Mercedes-Benz,CL-Class,Maroon,1999,"$38,917.07 "
Infiniti,QX,Turquoise,2006,"$22,718.87 "
Plymouth,Grand Voyager,Khaki,1993,"$41,830.21 "
Audi,5000CS Quattro,Blue,1986,"$36,149.01 "
Mazda,626,Maroon,1983,"$24,087.21 "
Pontiac,Tempest,Red,1967,"$24,184.79 "
Jaguar,XK Series,Teal,2013,"$32,588.02 "
Mazda,Mazda5,Aquamarine,2010,"$25,307.60 "
Mercedes-Benz,C-Class,Orange,2004,"$28,506.03 "
Dodge,Grand Caravan,Indigo,1997,"$30,052.13 "
Mercury,Mountaineer,Puce,2006,"$46,103.91 "
Volvo,S40,Teal,2001,"$27,907.55 "
Pontiac,Firefly,Turquoise,1987,"$39,662.71 "
Ford,F350,Aquamarine,1997,"$46,799.42 "
Ford,Th!nk,Goldenrod,2000,"$24,971.46 "
Kia,Sedona,Blue,2008,"$24,016.57 "
BMW,X3,Red,2010,"$25,418.88 "
Jeep,Grand Cherokee,Goldenrod,2003,"$38,236.40 "
Volvo,V40,Goldenrod,2003,"$40,055.19 "
Alfa Romeo,164,Indigo,1992,"$34,607.88 "
Chevrolet,Aveo,Aquamarine,2008,"$29,099.51 "
GMC,Suburban 1500,Maroon,1995,"$30,059.06 "
Volkswagen,GTI,Goldenrod,1998,"$48,112.99 "
Mercury,Grand Marquis,Turquoise,1989,"$24,220.72 "
Nissan,Murano,Maroon,2005,"$43,762.41 "
GMC,3500,Yellow,1996,"$32,981.05 "
Nissan,Quest,Mauv,1998,"$24,034.82 "
Acura,TL,Aquamarine,1995,"$28,589.02 "
Dodge,Ram 3500,Red,2000,"$27,135.70 "
Dodge,Ram Van B150,Maroon,1994,"$43,981.86 "
Mazda,MX-3,Indigo,1992,"$29,100.36 "
Saturn,S-Series,Khaki,1994,"$34,328.91 "
BMW,325,Red,2004,"$25,787.84 "
Hyundai,Sonata,Aquamarine,2005,"$20,182.48 "
Nissan,Altima,Mauv,1993,"$20,745.50 "
Subaru,Impreza WRX,Mauv,2011,"$23,045.53 "
Buick,Regal,Purple,2000,"$36,941.02 "
Dodge,Ram 2500,Blue,1998,"$23,331.12 "
Maserati,Quattroporte,Teal,2006,"$26,926.49 "
Mazda,Tribute,Turquoise,2006,"$22,839.48 "
Saturn,Outlook,Fuscia,2010,"$30,471.77 "
Chevrolet,Caprice Classic,Turquoise,1995,"$47,530.33 "
Chrysler,Sebring,Pink,2007,"$32,018.81 "
Kia,Rio,Crimson,2005,"$26,233.51 "
Nissan,Sentra,Orange,2002,"$37,650.15 "
Mitsubishi,Mirage,Puce,1989,"$33,129.55 "
Chevrolet,Avalanche 1500,Maroon,2005,"$46,930.67 "
BMW,3 Series,Orange,1994,"$45,911.41 "
Toyota,Echo,Purple,2002,"$26,659.03 "
Toyota,Camry,Mauv,2007,"$24,856.56 "
Chevrolet,Silverado,Maroon,2011,"$20,521.32 "
Dodge,Ram Van 3500,Mauv,1998,"$25,457.49 "
Cadillac,Fleetwood,Yellow,1954,"$34,808.34 "
Chevrolet,Corvette,Orange,1961,"$21,117.01 "
BMW,M3,Khaki,1996,"$45,206.92 "
Lexus,IS,Maroon,2007,"$46,713.29 "
Ford,GT500,Orange,2007,"$34,366.22 "
Jeep,Wrangler,Purple,2000,"$26,931.47 "
Ford,EXP,Blue,1986,"$47,889.10 "
Ford,Fusion,Fuscia,2007,"$39,326.71 "
Mazda,Miata MX-5,Aquamarine,2008,"$34,041.84 "
Mazda,MPV,Khaki,2005,"$20,747.11 "
Jeep,Wrangler,Khaki,2011,"$30,906.58 "
Dodge,Ram 3500,Goldenrod,2010,"$42,846.51 "
Saab,9000,Yellow,1992,"$45,388.20 "
Plymouth,Grand Voyager,Turquoise,1997,"$36,948.48 "
GMC,Safari,Crimson,1997,"$31,275.00 "
Lexus,ES,Turquoise,2005,"$41,445.48 "
Pontiac,Firefly,Turquoise,1984,"$32,663.21 "
Toyota,Celica,Red,2004,"$38,507.53 "
Suzuki,Swift,Puce,1988,"$37,782.21 "
Volvo,S70,Crimson,2000,"$25,801.42 "
Hyundai,Accent,Purple,1999,"$35,500.69 "
Chevrolet,S10,Orange,2003,"$23,600.99 "
Toyota,Corolla,Turquoise,1996,"$35,955.27 "
Plymouth,Roadrunner,Purple,1969,"$39,356.91 "
Volvo,XC70,Yellow,2012,"$37,914.91 "
GMC,Yukon XL 1500,Blue,2005,"$49,893.55 "
Buick,Electra,Pink,1989,"$30,883.71 "
Ford,LTD,Aquamarine,1986,"$42,410.62 "
Volkswagen,Routan,Aquamarine,2012,"$39,957.42 "
Chevrolet,Express 2500,Crimson,2007,"$38,326.82 "
Chevrolet,Astro,Mauv,2004,"$46,696.52 "
Chrysler,Town & Country,Yellow,1995,"$46,871.60 "
Nissan,Frontier,Yellow,2010,"$20,379.87 "
Ford,Lightning,Fuscia,1994,"$30,616.13 "
Ford,F-Series Super Duty,Green,2007,"$42,599.00 "
GMC,Sonoma,Aquamarine,1992,"$20,889.00 "
Ford,Taurus,Mauv,2007,"$28,829.27 "
Toyota,Land Cruiser,Fuscia,2008,"$48,164.78 "
Mercedes-Benz,300SE,Fuscia,1992,"$42,273.58 "
Porsche,Cayman,Orange,2008,"$47,256.04 "
Lincoln,Navigator,Yellow,2006,"$20,299.07 "
BMW,7 Series,Khaki,1997,"$31,241.95 "
Buick,Century,Yellow,2003,"$41,060.63 "
Toyota,Corolla,Red,1998,"$42,295.36 "
Audi,RS6,Red,2003,"$30,224.36 "
Jaguar,XJ Series,Puce,1996,"$22,639.65 "
Nissan,Murano,Khaki,2006,"$21,230.77 "
Mercedes-Benz,CL-Class,Pink,2010,"$49,519.87 "
Kia,Sedona,Fuscia,2005,"$27,052.82 "
Chevrolet,Suburban 1500,Orange,1993,"$30,497.43 "
Toyota,Yaris,Crimson,2012,"$26,251.00 "
Hummer,H3,Turquoise,2008,"$27,752.24 "
Lincoln,Town Car,Maroon,1998,"$25,589.39 "
Chevrolet,Impala,Yellow,2002,"$35,889.71 "
Chrysler,Voyager,Pink,2001,"$44,130.96 "
Oldsmobile,Silhouette,Turquoise,2004,"$45,899.49 "
Porsche,Carrera GT,Pink,2005,"$35,048.23 "
Suzuki,Daewoo Magnus,Mauv,2005,"$44,269.33 "
Buick,Park Avenue,Violet,2002,"$32,830.12 "
Dodge,Ram 2500,Aquamarine,2001,"$41,144.98 "
Saturn,Sky,Violet,2007,"$34,746.18 "
Nissan,NV2500,Pink,2012,"$37,193.93 "
Mitsubishi,Mirage,Crimson,1984,"$35,661.05 "
Pontiac,G6,Yellow,2009,"$38,719.15 "
Jeep,Grand Cherokee,Pink,1995,"$43,881.22 "
Buick,Park Avenue,Puce,1994,"$47,249.21 "
Ford,F-Series,Fuscia,1985,"$47,996.88 "
Volvo,C70,Purple,2004,"$46,166.13 "
Toyota,4Runner,Crimson,2012,"$37,514.15 "
Cadillac,Escalade EXT,Aquamarine,2002,"$39,106.98 "
Chevrolet,Suburban,Indigo,2010,"$35,370.14 "
Geo,Metro,Yellow,1994,"$35,748.52 "
Suzuki,X-90,Turquoise,1998,"$27,490.81 "
Chevrolet,Astro,Aquamarine,1995,"$30,824.45 "
Buick,Regal,Crimson,2003,"$29,054.75 "
Ford,LTD Crown Victoria,Green,1989,"$41,328.96 "
Chevrolet,Camaro,Blue,1997,"$26,816.16 "
Mazda,Mazda3,Crimson,2005,"$43,931.29 "
Ferrari,612 Scaglietti,Puce,2009,"$26,522.31 "
Ram,Dakota,Khaki,2011,"$46,977.75 "
Nissan,240SX,Puce,1993,"$37,538.51 "
Nissan,GT-R,Fuscia,2013,"$27,389.92 "
Nissan,Pathfinder,Khaki,1992,"$47,125.37 "
Cadillac,CTS,Turquoise,2009,"$37,058.54 "
Acura,Integra,Crimson,1995,"$42,666.99 "
Toyota,Supra,Crimson,1992,"$45,100.11 "
Porsche,911,Goldenrod,2004,"$43,743.09 "
Nissan,Altima,Teal,1993,"$40,886.97 "
Mercedes-Benz,M-Class,Goldenrod,2003,"$24,100.72 "
Pontiac,Grand Am,Red,1995,"$32,555.16 "
GMC,Yukon XL 1500,Orange,2002,"$47,638.83 "
Saturn,Ion,Green,2007,"$27,016.68 "
Mercedes-Benz,SL-Class,Violet,1988,"$42,973.86 "
Chevrolet,SSR,Pink,2004,"$47,729.72 "
Toyota,MR2,Crimson,1994,"$32,932.64 "
Chevrolet,Cobalt SS,Purple,2009,"$39,571.07 "
Toyota,Camry,Red,2009,"$48,417.18 "
Audi,A8,Yellow,2012,"$39,352.15 "
Ford,Explorer,Khaki,2000,"$43,916.10 "
Chevrolet,Express 1500,Green,2008,"$35,311.69 "
Volkswagen,Golf,Mauv,2010,"$28,936.28 "
Suzuki,Equator,Puce,2011,"$28,598.70 "
Mercury,Grand Marquis,Maroon,2007,"$35,862.07 "
Mazda,Mazda6,Khaki,2012,"$32,698.64 "
BMW,6 Series,Crimson,2007,"$37,780.99 "
Isuzu,Amigo,Pink,2000,"$31,393.19 "
Mercedes-Benz,E-Class,Yellow,1990,"$22,917.08 "
Nissan,Maxima,Turquoise,1997,"$20,417.35 "
Isuzu,Rodeo,Khaki,1997,"$32,819.52 "
Plymouth,Neon,Mauv,1997,"$20,501.04 "
Pontiac,Firebird,Purple,1991,"$43,443.09 "
Chevrolet,Cobalt,Puce,2005,"$44,307.07 "
Toyota,Avalon,Orange,2010,"$49,316.38 "
Kia,Sorento,Teal,2009,"$30,413.26 "
Isuzu,Ascender,Green,2004,"$46,583.37 "
Nissan,Maxima,Blue,1997,"$36,228.50 "
Mercedes-Benz,SL-Class,Fuscia,1995,"$49,747.45 "
Lotus,Exige,Indigo,2008,"$29,866.41 "
Maybach,57,Maroon,2009,"$37,788.79 "
Mazda,Mazdaspeed 3,Purple,2008,"$35,369.95 "
Volkswagen,Golf,Turquoise,2012,"$35,846.49 "
Cadillac,XLR,Blue,2004,"$22,001.37 "
Lincoln,Navigator,Puce,2012,"$32,725.71 "
Ford,F150,Maroon,2001,"$37,633.44 "
Hyundai,Accent,Puce,2002,"$34,588.37 "
Dodge,Ram 1500,Pink,2003,"$37,897.67 "
Audi,A6,Red,1997,"$35,237.80 "
Dodge,Intrepid,Turquoise,1994,"$46,816.37 "
Mercury,Milan,Maroon,2007,"$34,462.69 "
Chevrolet,Tahoe,Red,2009,"$38,393.43 "
Suzuki,Samurai,Purple,1993,"$49,053.65 "
Honda,Civic,Blue,2010,"$30,071.28 "
Dodge,Intrepid,Pink,1994,"$22,009.65 "
BMW,Z4,Teal,2011,"$37,657.29 "
Mercedes-Benz,SLS-Class,Purple,2011,"$33,647.79 "
Subaru,Impreza,Blue,2003,"$38,717.01 "
Cadillac,Escalade EXT,Puce,2003,"$37,056.52 "
Kia,Optima,Purple,2009,"$20,056.42 "
Dodge,Ram Wagon B250,Green,1992,"$49,105.92 "
Chevrolet,Express 1500,Pink,2008,"$29,032.05 "
Volkswagen,Jetta,Yellow,2008,"$49,454.15 "
Toyota,Land Cruiser,Orange,1992,"$25,322.75 "
Jaguar,XJ Series,Aquamarine,2000,"$39,591.56 "
Chrysler,Concorde,Pink,1996,"$25,076.09 "
Mercedes-Benz,C-Class,Yellow,1996,"$49,987.01 "
Buick,Verano,Mauv,2012,"$23,202.27 "
Mitsubishi,Pajero,Mauv,1994,"$32,704.75 "
Chevrolet,G-Series G20,Mauv,1994,"$36,861.77 "
Ferrari,599 GTB Fiorano,Khaki,2010,"$41,046.34 "
Chrysler,Town & Country,Aquamarine,2004,"$40,061.93 "
Suzuki,Swift,Purple,1992,"$34,875.09 "
Honda,CR-V,Maroon,2000,"$47,203.50 "
